{"cameraMode":{"drawMode":0,"name":"Shaded","section":"Shading Mode"},"sceneLighting":true,"audioPlay":false,"sceneViewState":{"showFog":true,"showMaterialUpdate":false,"showSkybox":true,"showFlares":true,"showImageEffects":true,"showParticleSystems":true},"in2DMode":false,"pivot":{"x":39.53764343261719,"y":16.671689987182618,"z":62.90532684326172},"rotation":{"x":0.18331125378608704,"y":0.22198718786239625,"z":-0.042533885687589648,"w":0.9567195177078247},"size":27.943004608154298,"orthographic":false}