{"cameraMode":{"drawMode":0,"name":"Shaded","section":"Shading Mode"},"sceneLighting":true,"audioPlay":false,"sceneViewState":{"showFog":true,"showMaterialUpdate":false,"showSkybox":true,"showFlares":true,"showImageEffects":true,"showParticleSystems":true},"in2DMode":false,"pivot":{"x":2.7324142456054689,"y":-0.9548702239990234,"z":-1.9310665130615235},"rotation":{"x":-0.09640907496213913,"y":0.8999902606010437,"z":-0.2552042603492737,"w":-0.33999156951904299},"size":37.70101547241211,"orthographic":false}