{"cameraMode":{"drawMode":0,"name":"Shaded","section":"Shading Mode"},"sceneLighting":true,"audioPlay":false,"sceneViewState":{"showFog":true,"showMaterialUpdate":false,"showSkybox":true,"showFlares":true,"showImageEffects":true,"showParticleSystems":true},"in2DMode":false,"pivot":{"x":22.942903518676759,"y":26.65082550048828,"z":36.050052642822269},"rotation":{"x":-0.06566349416971207,"y":0.398496150970459,"z":0.028617791831493379,"w":0.9143695831298828},"size":27.138092041015626,"orthographic":false}